{"cameraMode":{"drawMode":0,"name":"Shaded","section":"Shading Mode"},"sceneLighting":false,"audioPlay":false,"sceneViewState":{"m_AlwaysRefresh":false,"showFog":true,"showSkybox":false,"showFlares":true,"showImageEffects":true,"showParticleSystems":true,"showVisualEffectGraphs":true,"m_FxEnabled":true},"in2DMode":false,"pivot":{"x":0.2960531413555145,"y":2.0354254245758058,"z":1.308140516281128},"rotation":{"x":0.0021912502124905588,"y":-0.9960803985595703,"z":0.08537337183952332,"w":0.026038195937871934},"size":1.5876400470733643,"orthographic":false}