{"cameraMode":{"drawMode":0,"name":"Shaded","section":"Shading Mode"},"sceneLighting":false,"audioPlay":false,"sceneViewState":{"m_AlwaysRefresh":false,"showFog":true,"showSkybox":false,"showFlares":true,"showImageEffects":true,"showParticleSystems":true,"showVisualEffectGraphs":true,"m_FxEnabled":true},"in2DMode":false,"pivot":{"x":-1.2371292114257813,"y":0.8436414003372192,"z":1.4813551902770997},"rotation":{"x":0.07338283210992813,"y":0.909491777420044,"z":-0.18095219135284425,"w":0.36740535497665408},"size":0.8660253882408142,"orthographic":false}