{"cameraMode":{"drawMode":0,"name":"Shaded","section":"Shading Mode"},"sceneLighting":false,"audioPlay":false,"sceneViewState":{"m_AlwaysRefresh":false,"showFog":true,"showSkybox":false,"showFlares":true,"showImageEffects":true,"showParticleSystems":true,"showVisualEffectGraphs":true,"m_FxEnabled":true},"in2DMode":false,"pivot":{"x":-1.9050313234329224,"y":0.20474670827388764,"z":-5.050574779510498},"rotation":{"x":0.05979493260383606,"y":-0.9402672648429871,"z":0.2390938699245453,"w":0.23525094985961915},"size":0.9562994241714478,"orthographic":false}